customer_id,order_id,delivery_pincode,pincode_rto_rate,category_return_rate,complaint_score,social_sentiment,recent_events,account_age_days
CUST_00001,ORD_000006,380002,0.28,0.1534,0.167,0.3419,None,155
CUST_00002,ORD_000007,560001,0.35,0.1593,0.1619,0.3045,None,344
CUST_00003,ORD_000008,500002,0.33,0.1876,0.3919,0.1271,None,93
CUST_00004,ORD_000009,400001,0.18,0.1851,0.0325,0.5487,None,433
CUST_00005,ORD_000010,160001,0.2,0.3249,0.0458,0.3225,None,117
CUST_00006,ORD_000011,302002,0.35,0.168,0.2285,0.2501,None,329
CUST_00007,ORD_000012,226002,0.44,0.1794,0.0503,0.6873,High RTO pincode,601
CUST_00007,ORD_000013,560002,0.28,0.2292,0.0503,0.6873,None,601
CUST_00008,ORD_000014,700002,0.5,0.1611,0.0648,0.3136,High RTO pincode|Festive season peak,673
CUST_00008,ORD_000015,560001,0.35,0.2289,0.0648,0.3136,None,673
CUST_00009,ORD_000016,600002,0.38,0.2265,0.2197,0.303,High RTO pincode,189
CUST_00010,ORD_000017,160001,0.2,0.3209,0.0142,0.4666,None,398
CUST_00011,ORD_000018,600001,0.42,0.2637,0.0197,0.5818,High RTO pincode,721
CUST_00012,ORD_000019,302002,0.35,0.1993,0.7344,0.0783,Customer complaints detected,152
CUST_00012,ORD_000020,380002,0.28,0.2434,0.7344,0.0783,Customer complaints detected,152
CUST_00013,ORD_000021,560002,0.28,0.1686,0.9244,-0.9657,Customer complaints detected|Negative social mentions,1
CUST_00014,ORD_000022,700001,0.45,0.1766,0.0079,0.3574,High RTO pincode,668
CUST_00015,ORD_000023,560001,0.35,0.187,0.6485,-0.2059,Customer complaints detected,131
CUST_00016,ORD_000024,700001,0.45,0.3614,0.3004,0.2328,High RTO pincode,34
CUST_00016,ORD_000025,226001,0.4,0.1551,0.3004,0.2328,High RTO pincode|Festive season peak,34
CUST_00017,ORD_000026,560001,0.35,0.1648,0.0323,0.6093,None,328
CUST_00018,ORD_000027,380002,0.28,0.254,0.163,0.0497,None,213
CUST_00019,ORD_000028,400002,0.25,0.3788,0.1604,0.9048,None,481
CUST_00020,ORD_000029,226001,0.4,0.1536,0.2195,0.0672,High RTO pincode,128
CUST_00021,ORD_000030,380001,0.25,0.1502,0.0869,0.81,None,670
CUST_00022,ORD_000031,700002,0.5,0.2989,0.121,0.2985,High RTO pincode,250
CUST_00023,ORD_000032,160002,0.23,0.3163,0.0812,0.8836,None,368
CUST_00024,ORD_000033,600001,0.42,0.2867,0.1239,0.3654,High RTO pincode,708
CUST_00024,ORD_000034,380001,0.25,0.2188,0.1239,0.3654,None,708
CUST_00025,ORD_000035,302001,0.32,0.3837,0.2394,0.2344,None,295
CUST_00025,ORD_000036,302002,0.35,0.2138,0.2394,0.2344,None,295
CUST_00026,ORD_000037,560001,0.35,0.3111,0.0543,0.5238,None,300
CUST_00027,ORD_000038,380001,0.25,0.3602,0.7427,-0.0641,Customer complaints detected,19
CUST_00028,ORD_000039,380001,0.25,0.126,0.1448,0.8884,None,474
CUST_00028,ORD_000040,380001,0.25,0.1752,0.1448,0.8884,None,474
CUST_00029,ORD_000041,110001,0.15,0.1465,0.9344,-0.6089,Customer complaints detected|Negative social mentions,2
CUST_00030,ORD_000042,160001,0.2,0.1576,0.1556,0.4146,None,177
CUST_00031,ORD_000043,400001,0.18,0.192,0.3389,0.2396,None,91
CUST_00032,ORD_000044,302002,0.35,0.1768,0.4705,-0.2348,Festive season peak,125
CUST_00033,ORD_000045,600001,0.42,0.2412,0.6441,-0.3347,High RTO pincode|Customer complaints detected|Negative social mentions|Festive season peak,159
CUST_00034,ORD_000046,110001,0.15,0.1743,0.5954,-0.0693,Customer complaints detected,118
CUST_00035,ORD_000047,226002,0.44,0.3608,0.0542,0.476,High RTO pincode,524
CUST_00036,ORD_000048,110002,0.22,0.2689,0.8083,-0.8186,Customer complaints detected|Negative social mentions,4
CUST_00037,ORD_000049,160001,0.2,0.3717,0.0505,0.9032,None,112
CUST_00038,ORD_000050,380002,0.28,0.259,0.1551,0.5663,None,291
CUST_00038,ORD_000051,600002,0.38,0.2735,0.1551,0.5663,High RTO pincode|Festive season peak,291
CUST_00039,ORD_000052,600001,0.42,0.1845,0.0142,0.4634,High RTO pincode|Festive season peak,524
CUST_00040,ORD_000053,700001,0.45,0.3157,0.3764,0.1635,High RTO pincode,321
CUST_00041,ORD_000054,560002,0.28,0.2796,0.1174,0.3145,None,649
CUST_00042,ORD_000055,380001,0.25,0.1752,0.7963,-0.9372,Customer complaints detected|Negative social mentions,6
CUST_00043,ORD_000056,302001,0.32,0.2428,0.2386,-0.0675,None,307
CUST_00044,ORD_000057,400002,0.25,0.3472,0.7475,-0.6695,Customer complaints detected|Negative social mentions,12
CUST_00045,ORD_000058,560001,0.35,0.1915,0.0914,0.4012,None,309
CUST_00046,ORD_000059,226002,0.44,0.1689,0.1998,0.6427,High RTO pincode,653
CUST_00047,ORD_000060,560001,0.35,0.2465,0.3116,0.3868,None,272
CUST_00048,ORD_000061,500001,0.3,0.2352,0.082,0.7583,None,207
CUST_00049,ORD_000062,400001,0.18,0.1166,0.1108,-0.0589,None,307
CUST_00050,ORD_000063,560002,0.28,0.1883,0.0717,0.6015,None,360
CUST_00051,ORD_000064,400001,0.18,0.3981,0.1334,0.9292,None,321
CUST_00052,ORD_000065,380001,0.25,0.1911,0.0474,0.7003,None,169
CUST_00053,ORD_000066,560001,0.35,0.1809,0.2821,0.1114,None,147
CUST_00054,ORD_000067,700001,0.45,0.1747,0.0351,0.3925,High RTO pincode,485
CUST_00055,ORD_000068,500002,0.33,0.1673,0.172,0.807,None,291
CUST_00055,ORD_000069,500002,0.33,0.212,0.172,0.807,None,291
CUST_00056,ORD_000070,400002,0.25,0.3306,0.2948,-0.03,None,184
CUST_00057,ORD_000071,700001,0.45,0.1945,0.1771,0.7584,High RTO pincode,218
CUST_00058,ORD_000072,600001,0.42,0.2523,0.0552,0.9777,High RTO pincode,467
CUST_00058,ORD_000073,600002,0.38,0.2096,0.0552,0.9777,High RTO pincode,467
CUST_00059,ORD_000074,700001,0.45,0.1614,0.0264,0.5508,High RTO pincode,86
CUST_00060,ORD_000075,110001,0.15,0.1926,0.0087,0.8483,None,689
CUST_00060,ORD_000076,560001,0.35,0.2426,0.0087,0.8483,None,689
CUST_00061,ORD_000077,600001,0.42,0.209,0.1586,0.3801,High RTO pincode|Festive season peak,161
CUST_00062,ORD_000078,500002,0.33,0.338,0.1374,0.632,None,216
CUST_00063,ORD_000079,302002,0.35,0.2056,0.3905,0.2602,None,56
CUST_00064,ORD_000080,700001,0.45,0.1006,0.1227,0.7499,High RTO pincode,696
CUST_00065,ORD_000081,560002,0.28,0.2987,0.1944,0.3642,None,708
CUST_00066,ORD_000082,226001,0.4,0.2178,0.2329,0.1544,High RTO pincode,169
CUST_00067,ORD_000083,110001,0.15,0.2764,0.0603,0.4479,None,269
CUST_00068,ORD_000084,380001,0.25,0.3108,0.2309,0.1759,None,51
CUST_00069,ORD_000085,500001,0.3,0.2752,0.173,0.2533,None,84
CUST_00070,ORD_000086,400001,0.18,0.3442,0.0206,0.4792,None,301
CUST_00071,ORD_000087,700002,0.5,0.1574,0.5293,0.0797,High RTO pincode|Customer complaints detected,173
CUST_00072,ORD_000088,110002,0.22,0.1688,0.123,0.6549,None,152
CUST_00073,ORD_000089,226001,0.4,0.1887,0.1009,0.4208,High RTO pincode|Festive season peak,146
CUST_00074,ORD_000090,160002,0.23,0.1955,0.2674,0.1319,None,78
CUST_00075,ORD_000091,226001,0.4,0.1971,0.0619,0.5637,High RTO pincode,146
CUST_00076,ORD_000092,226001,0.4,0.2118,0.462,-0.3929,High RTO pincode|Negative social mentions,49
CUST_00077,ORD_000093,160002,0.23,0.1811,0.3164,-0.0738,None,114
CUST_00078,ORD_000094,560002,0.28,0.2708,0.7938,-0.2768,Customer complaints detected,160
CUST_00079,ORD_000095,400001,0.18,0.243,0.0168,0.4122,None,351
CUST_00080,ORD_000096,110002,0.22,0.3209,0.0637,0.3694,None,88
CUST_00081,ORD_000097,700002,0.5,0.313,0.6195,-0.0909,High RTO pincode|Customer complaints detected,52
CUST_00082,ORD_000098,380002,0.28,0.2475,0.0484,0.4005,None,648
CUST_00083,ORD_000099,400001,0.18,0.3486,0.841,-0.6186,Customer complaints detected|Negative social mentions,14
CUST_00083,ORD_000100,560002,0.28,0.3218,0.841,-0.6186,Customer complaints detected|Negative social mentions,14
CUST_00084,ORD_000101,302002,0.35,0.347,0.1772,0.5209,None,264
CUST_00085,ORD_000102,302002,0.35,0.1079,0.1487,0.9262,None,469
CUST_00086,ORD_000103,302001,0.32,0.2412,0.124,0.2966,None,82
CUST_00087,ORD_000104,160002,0.23,0.2601,0.2219,0.2079,None,356
CUST_00088,ORD_000105,700001,0.45,0.1686,0.2116,0.3579,High RTO pincode,219
CUST_00089,ORD_000106,302001,0.32,0.3168,0.1857,0.4499,None,343
CUST_00090,ORD_000107,500002,0.33,0.1026,0.1783,0.896,None,357
CUST_00091,ORD_000108,380002,0.28,0.1574,0.0131,0.5787,None,148
CUST_00092,ORD_000109,226001,0.4,0.1793,0.3303,-0.0226,High RTO pincode,123
CUST_00093,ORD_000110,560002,0.28,0.2402,0.1913,0.4921,Festive season peak,710
CUST_00094,ORD_000111,110001,0.15,0.2142,0.7084,-0.4147,Customer complaints detected|Negative social mentions,178
CUST_00095,ORD_000112,500001,0.3,0.2696,0.0316,0.5909,None,121
CUST_00096,ORD_000113,560002,0.28,0.3582,0.058,0.5689,None,111
CUST_00097,ORD_000114,302002,0.35,0.3481,0.6022,0.0767,Customer complaints detected,114
CUST_00098,ORD_000115,400001,0.18,0.3647,0.5464,-0.3196,Customer complaints detected|Negative social mentions,117
CUST_00099,ORD_000116,110002,0.22,0.2304,0.8673,-0.7806,Customer complaints detected|Negative social mentions,6
CUST_00100,ORD_000117,226002,0.44,0.295,0.1981,0.8175,High RTO pincode,462
CUST_00101,ORD_000118,110002,0.22,0.2594,0.0949,0.9769,None,671
CUST_00102,ORD_000119,160002,0.23,0.3604,0.0882,0.5931,None,79
CUST_00103,ORD_000120,700001,0.45,0.2058,0.2379,0.2199,High RTO pincode,118
CUST_00104,ORD_000121,400002,0.25,0.2505,0.0634,0.5442,Festive season peak,560
CUST_00104,ORD_000122,302001,0.32,0.1562,0.0634,0.5442,None,560
CUST_00105,ORD_000123,302002,0.35,0.2706,0.134,0.6717,None,111
CUST_00106,ORD_000124,160001,0.2,0.3585,0.7024,-0.3989,Customer complaints detected|Negative social mentions,65
CUST_00107,ORD_000125,110002,0.22,0.1936,0.1576,0.4304,None,466
CUST_00108,ORD_000126,560002,0.28,0.2484,0.0546,0.8662,None,539
CUST_00109,ORD_000127,600002,0.38,0.2853,0.4347,-0.1315,High RTO pincode,97
CUST_00110,ORD_000128,700002,0.5,0.1868,0.0124,0.3828,High RTO pincode,301
CUST_00111,ORD_000129,160002,0.23,0.2692,0.1826,0.8301,None,622
CUST_00112,ORD_000130,302002,0.35,0.1556,0.4658,-0.0019,None,52
CUST_00113,ORD_000131,500002,0.33,0.2394,0.0792,0.8715,None,82
CUST_00114,ORD_000132,380001,0.25,0.2375,0.1928,0.5621,None,721
CUST_00114,ORD_000133,560001,0.35,0.1719,0.1928,0.5621,None,721
CUST_00115,ORD_000134,380002,0.28,0.208,0.031,0.4319,None,414
CUST_00115,ORD_000135,302001,0.32,0.3632,0.031,0.4319,None,414
CUST_00116,ORD_000136,226001,0.4,0.2269,0.709,-0.0271,High RTO pincode|Customer complaints detected,167
CUST_00117,ORD_000137,560001,0.35,0.3632,0.3825,0.3028,None,206
CUST_00118,ORD_000138,302001,0.32,0.3587,0.2672,-0.0195,None,243
CUST_00119,ORD_000139,110001,0.15,0.2799,0.6897,-0.2088,Customer complaints detected,164
CUST_00120,ORD_000140,700001,0.45,0.1599,0.2656,0.3653,High RTO pincode,152
CUST_00121,ORD_000141,160001,0.2,0.2729,0.625,-0.4451,Customer complaints detected|Negative social mentions,25
CUST_00122,ORD_000142,560002,0.28,0.3232,0.39,0.285,Festive season peak,280
CUST_00123,ORD_000143,110001,0.15,0.306,0.1529,0.5887,None,109
CUST_00124,ORD_000144,380002,0.28,0.1526,0.0024,0.6706,None,481
CUST_00125,ORD_000145,400001,0.18,0.3069,0.0918,0.4702,None,475
CUST_00126,ORD_000146,600001,0.42,0.2184,0.1132,0.9006,High RTO pincode,399
CUST_00127,ORD_000147,560002,0.28,0.3774,0.1174,0.8266,None,272
CUST_00128,ORD_000148,160002,0.23,0.3095,0.3236,0.1075,None,286
CUST_00129,ORD_000149,600002,0.38,0.2731,0.0864,0.7758,High RTO pincode,444
CUST_00130,ORD_000150,226002,0.44,0.2634,0.072,0.4888,High RTO pincode,515
CUST_00131,ORD_000151,380001,0.25,0.2952,0.145,0.6917,None,146
CUST_00131,ORD_000152,700001,0.45,0.2117,0.145,0.6917,High RTO pincode|Festive season peak,146
CUST_00132,ORD_000153,700002,0.5,0.1979,0.088,0.6014,High RTO pincode,397
CUST_00133,ORD_000154,160001,0.2,0.2215,0.3346,0.0955,None,324
CUST_00134,ORD_000155,600002,0.38,0.2289,0.3457,0.3774,High RTO pincode,65
CUST_00135,ORD_000156,400001,0.18,0.2341,0.1087,0.8535,None,488
CUST_00136,ORD_000157,226001,0.4,0.3087,0.3897,0.1583,High RTO pincode,199
CUST_00137,ORD_000158,600001,0.42,0.2646,0.0232,0.9585,High RTO pincode|Festive season peak,147
CUST_00138,ORD_000159,226002,0.44,0.2537,0.1328,0.38,High RTO pincode,361
CUST_00138,ORD_000160,160002,0.23,0.1504,0.1328,0.38,None,361
CUST_00139,ORD_000161,226001,0.4,0.3417,0.1561,0.0956,High RTO pincode,304
CUST_00140,ORD_000162,500002,0.33,0.3083,0.2771,0.3033,None,344
CUST_00141,ORD_000163,110002,0.22,0.3227,0.111,0.6427,None,237
CUST_00142,ORD_000164,700001,0.45,0.2465,0.0977,0.3579,High RTO pincode,514
CUST_00143,ORD_000165,226002,0.44,0.2654,0.1647,0.5568,High RTO pincode,616
CUST_00144,ORD_000166,160001,0.2,0.3415,0.0878,0.9958,None,149
CUST_00145,ORD_000167,226001,0.4,0.3625,0.2791,0.001,High RTO pincode,173
CUST_00145,ORD_000168,560001,0.35,0.2136,0.2791,0.001,None,173
CUST_00146,ORD_000169,302002,0.35,0.1621,0.0806,0.8249,None,155
CUST_00147,ORD_000170,700002,0.5,0.2352,0.2193,0.4809,High RTO pincode,303
CUST_00148,ORD_000171,380002,0.28,0.2382,0.0033,0.9506,None,530
CUST_00149,ORD_000172,600002,0.38,0.1501,0.1329,0.7542,High RTO pincode,440
CUST_00150,ORD_000173,380001,0.25,0.2654,0.3451,0.4929,None,205
CUST_00151,ORD_000174,600001,0.42,0.3424,0.1205,0.238,High RTO pincode,103
CUST_00152,ORD_000175,160002,0.23,0.3536,0.0629,0.3979,None,499
CUST_00153,ORD_000176,160002,0.23,0.3967,0.1568,0.8556,None,115
CUST_00154,ORD_000177,700001,0.45,0.2591,0.1525,0.9681,High RTO pincode,236
CUST_00155,ORD_000178,600001,0.42,0.3086,0.1073,0.7312,High RTO pincode|Festive season peak,715
CUST_00156,ORD_000179,700002,0.5,0.1619,0.1174,-0.0483,High RTO pincode,152
CUST_00157,ORD_000180,400002,0.25,0.1842,0.9162,-0.8998,Customer complaints detected|Negative social mentions,14
CUST_00158,ORD_000181,400002,0.25,0.1516,0.1719,0.4168,None,571
CUST_00159,ORD_000182,380002,0.28,0.2072,0.6211,0.0398,Customer complaints detected|Festive season peak,23
CUST_00160,ORD_000183,226002,0.44,0.1895,0.0138,0.6256,High RTO pincode,470
CUST_00161,ORD_000184,110001,0.15,0.3454,0.1465,0.6826,None,260
CUST_00162,ORD_000185,700001,0.45,0.1896,0.1966,0.5939,High RTO pincode,602
CUST_00162,ORD_000186,226001,0.4,0.1581,0.1966,0.5939,High RTO pincode,602
CUST_00163,ORD_000187,600001,0.42,0.3377,0.1401,0.8147,High RTO pincode,462
CUST_00164,ORD_000188,160002,0.23,0.1648,0.053,0.3839,None,534
CUST_00165,ORD_000189,302001,0.32,0.2579,0.0062,0.5831,None,238
CUST_00166,ORD_000190,600001,0.42,0.2638,0.1252,0.2517,High RTO pincode,360
CUST_00166,ORD_000191,380002,0.28,0.3074,0.1252,0.2517,None,360
CUST_00167,ORD_000192,400001,0.18,0.2536,0.1234,0.7531,None,694
CUST_00168,ORD_000193,700001,0.45,0.1529,0.0959,0.847,High RTO pincode,427
CUST_00169,ORD_000194,110002,0.22,0.3974,0.1948,0.3701,None,298
CUST_00170,ORD_000195,160001,0.2,0.1176,0.1828,0.3197,Festive season peak,427
CUST_00171,ORD_000196,560002,0.28,0.1684,0.0956,0.5322,None,599
CUST_00172,ORD_000197,380002,0.28,0.1929,0.1172,0.5356,None,465
CUST_00173,ORD_000198,160001,0.2,0.1737,0.0614,0.7819,None,447
CUST_00174,ORD_000199,400001,0.18,0.1257,0.1422,0.3472,None,284
CUST_00175,ORD_000200,400002,0.25,0.3367,0.1938,0.9192,None,489
CUST_00176,ORD_000201,400001,0.18,0.154,0.0148,0.4191,None,167
CUST_00177,ORD_000202,700001,0.45,0.2243,0.4822,-0.467,High RTO pincode|Negative social mentions,98
CUST_00178,ORD_000203,400001,0.18,0.2963,0.12,0.4398,Festive season peak,700
CUST_00179,ORD_000204,700001,0.45,0.1597,0.0739,0.612,High RTO pincode,450
CUST_00180,ORD_000205,600002,0.38,0.1545,0.3455,0.1512,High RTO pincode,228
CUST_00181,ORD_000206,380002,0.28,0.2315,0.0346,0.9891,None,519
CUST_00181,ORD_000207,400001,0.18,0.1458,0.0346,0.9891,None,519
CUST_00182,ORD_000208,400002,0.25,0.1786,0.1338,-0.0102,None,244
CUST_00183,ORD_000209,110002,0.22,0.1738,0.0075,0.4928,None,544
CUST_00184,ORD_000210,302001,0.32,0.3125,0.1716,0.7794,None,563
CUST_00184,ORD_000211,500002,0.33,0.2159,0.1716,0.7794,None,563
CUST_00185,ORD_000212,700001,0.45,0.1031,0.7348,-0.4254,High RTO pincode|Customer complaints detected|Negative social mentions,65
CUST_00186,ORD_000213,400001,0.18,0.2514,0.1174,0.5448,None,545
CUST_00187,ORD_000214,560001,0.35,0.1752,0.1027,0.9052,None,479
CUST_00187,ORD_000215,380001,0.25,0.1802,0.1027,0.9052,None,479
CUST_00188,ORD_000216,500001,0.3,0.1761,0.1123,0.7156,None,443
CUST_00189,ORD_000217,700002,0.5,0.3107,0.0808,0.5237,High RTO pincode,674
CUST_00190,ORD_000218,560002,0.28,0.3206,0.1277,0.633,None,607
CUST_00190,ORD_000219,400001,0.18,0.1331,0.1277,0.633,None,607
CUST_00191,ORD_000220,380001,0.25,0.279,0.1167,0.961,None,709
CUST_00192,ORD_000221,110001,0.15,0.3642,0.7116,-0.2587,Customer complaints detected,60
CUST_00193,ORD_000222,500002,0.33,0.3635,0.0807,0.9757,None,499
CUST_00194,ORD_000223,700002,0.5,0.2654,0.0767,0.7121,High RTO pincode,165
CUST_00195,ORD_000224,560001,0.35,0.3385,0.7792,0.0427,Customer complaints detected|Festive season peak,56
CUST_00196,ORD_000225,400002,0.25,0.1753,0.4194,0.0963,None,173
CUST_00197,ORD_000226,160002,0.23,0.2292,0.054,0.7239,None,592
CUST_00198,ORD_000227,600002,0.38,0.161,0.7481,-0.6711,High RTO pincode|Customer complaints detected|Negative social mentions,5
CUST_00198,ORD_000228,400002,0.25,0.1843,0.7481,-0.6711,Customer complaints detected|Negative social mentions,5
CUST_00199,ORD_000229,560001,0.35,0.1849,0.5704,-0.5189,Customer complaints detected|Negative social mentions,94
CUST_00199,ORD_000230,380001,0.25,0.3079,0.5704,-0.5189,Customer complaints detected|Negative social mentions,94
CUST_00200,ORD_000231,160002,0.23,0.2363,0.0207,0.9379,None,223
CUST_00201,ORD_000232,226001,0.4,0.3505,0.0881,0.3443,High RTO pincode|Festive season peak,481
CUST_00202,ORD_000233,560002,0.28,0.1241,0.2155,0.4034,None,358
CUST_00203,ORD_000234,302002,0.35,0.1523,0.0807,0.4645,Festive season peak,447
CUST_00204,ORD_000235,500001,0.3,0.2344,0.1275,0.9231,None,693
CUST_00205,ORD_000236,700002,0.5,0.2569,0.1292,0.2953,High RTO pincode,88
CUST_00206,ORD_000237,400002,0.25,0.166,0.186,0.575,None,183
CUST_00207,ORD_000238,226001,0.4,0.2315,0.0009,0.8153,High RTO pincode,570
CUST_00208,ORD_000239,302001,0.32,0.1843,0.1832,0.8337,None,683
CUST_00209,ORD_000240,560002,0.28,0.1943,0.0419,0.8001,None,265
CUST_00210,ORD_000241,600001,0.42,0.2741,0.3425,0.2136,High RTO pincode,246
CUST_00211,ORD_000242,226002,0.44,0.1874,0.0205,0.9076,High RTO pincode,523
CUST_00212,ORD_000243,302001,0.32,0.2482,0.0108,0.8206,None,625
CUST_00213,ORD_000244,110002,0.22,0.26,0.395,-0.0553,None,120
CUST_00213,ORD_000245,500001,0.3,0.179,0.395,-0.0553,None,120
CUST_00214,ORD_000246,380001,0.25,0.3825,0.1914,0.6644,None,285
CUST_00215,ORD_000247,160002,0.23,0.1945,0.1026,0.3014,None,362
CUST_00216,ORD_000248,600001,0.42,0.1667,0.1644,0.5625,High RTO pincode|Festive season peak,589
CUST_00217,ORD_000249,380002,0.28,0.1959,0.173,0.5969,Festive season peak,278
CUST_00218,ORD_000250,380001,0.25,0.2118,0.3733,0.1446,None,146
CUST_00219,ORD_000251,110001,0.15,0.283,0.1213,0.4971,None,368
CUST_00219,ORD_000252,500002,0.33,0.1623,0.1213,0.4971,None,368
CUST_00220,ORD_000253,160002,0.23,0.2772,0.4847,0.0339,None,102
CUST_00220,ORD_000254,226002,0.44,0.1487,0.4847,0.0339,High RTO pincode,102
CUST_00221,ORD_000255,700002,0.5,0.1816,0.1239,0.9301,High RTO pincode,351
CUST_00222,ORD_000256,700002,0.5,0.2107,0.0269,0.8131,High RTO pincode,428
CUST_00222,ORD_000257,400001,0.18,0.2132,0.0269,0.8131,None,428
CUST_00223,ORD_000258,160001,0.2,0.3252,0.1788,0.6778,None,616
CUST_00224,ORD_000259,560001,0.35,0.1264,0.8542,-0.7323,Customer complaints detected|Negative social mentions,13
CUST_00225,ORD_000260,400002,0.25,0.345,0.2164,0.4507,None,214
CUST_00225,ORD_000261,160001,0.2,0.2617,0.2164,0.4507,None,214
CUST_00226,ORD_000262,226001,0.4,0.1862,0.3662,-0.096,High RTO pincode,276
CUST_00226,ORD_000263,302002,0.35,0.2034,0.3662,-0.096,None,276
CUST_00227,ORD_000264,380001,0.25,0.1217,0.1782,0.4028,None,100
CUST_00228,ORD_000265,700001,0.45,0.3014,0.1202,0.8562,High RTO pincode,480
CUST_00229,ORD_000266,160002,0.23,0.3297,0.1369,0.8786,None,576
CUST_00230,ORD_000267,302002,0.35,0.2408,0.0863,0.5945,None,724
CUST_00230,ORD_000268,400001,0.18,0.3316,0.0863,0.5945,Festive season peak,724
CUST_00231,ORD_000269,160001,0.2,0.3304,0.0411,0.863,None,730
CUST_00232,ORD_000270,380001,0.25,0.1699,0.0357,0.6914,None,554
CUST_00233,ORD_000271,400001,0.18,0.34,0.1228,0.7792,None,623
CUST_00234,ORD_000272,302002,0.35,0.2174,0.1859,0.4781,None,296
CUST_00235,ORD_000273,700001,0.45,0.1737,0.1348,0.5518,High RTO pincode|Festive season peak,233
CUST_00236,ORD_000274,600001,0.42,0.3362,0.183,0.5437,High RTO pincode|Festive season peak,632
CUST_00236,ORD_000275,226001,0.4,0.372,0.183,0.5437,High RTO pincode,632
CUST_00237,ORD_000276,380001,0.25,0.1816,0.3045,0.4379,Festive season peak,264
CUST_00237,ORD_000277,400001,0.18,0.2711,0.3045,0.4379,None,264
CUST_00238,ORD_000278,600001,0.42,0.1656,0.5996,-0.4602,High RTO pincode|Customer complaints detected|Negative social mentions,62
CUST_00239,ORD_000279,160001,0.2,0.3977,0.1916,0.8936,None,614
CUST_00240,ORD_000280,400002,0.25,0.1993,0.0065,0.5431,None,613
CUST_00240,ORD_000281,700001,0.45,0.1739,0.0065,0.5431,High RTO pincode,613
CUST_00241,ORD_000282,700001,0.45,0.1696,0.2352,0.2428,High RTO pincode,173
CUST_00241,ORD_000283,560001,0.35,0.295,0.2352,0.2428,None,173
CUST_00242,ORD_000284,700001,0.45,0.2682,0.0193,0.8212,High RTO pincode,704
CUST_00243,ORD_000285,380001,0.25,0.2333,0.2065,0.3039,None,175
CUST_00244,ORD_000286,160002,0.23,0.2363,0.1237,0.1062,None,66
CUST_00245,ORD_000287,560002,0.28,0.2213,0.1456,0.7634,None,188
CUST_00245,ORD_000288,700001,0.45,0.1798,0.1456,0.7634,High RTO pincode,188
CUST_00246,ORD_000289,226002,0.44,0.2201,0.007,0.5498,High RTO pincode,89
CUST_00246,ORD_000290,380002,0.28,0.1616,0.007,0.5498,None,89
CUST_00247,ORD_000291,302002,0.35,0.1007,0.0688,0.6284,None,199
CUST_00248,ORD_000292,380002,0.28,0.37,0.0327,0.816,None,315
CUST_00249,ORD_000293,160002,0.23,0.155,0.0365,0.5027,None,130
CUST_00250,ORD_000294,302002,0.35,0.3687,0.0466,0.4055,Festive season peak,68
CUST_00251,ORD_000295,600002,0.38,0.1544,0.1577,0.4049,High RTO pincode,122
CUST_00252,ORD_000296,400002,0.25,0.1568,0.1872,0.411,None,379
CUST_00253,ORD_000297,160001,0.2,0.2732,0.1589,0.7093,None,231
CUST_00254,ORD_000298,226002,0.44,0.3158,0.1289,0.7909,High RTO pincode,424
CUST_00255,ORD_000299,302001,0.32,0.3398,0.5179,-0.1121,Customer complaints detected,157
CUST_00256,ORD_000300,500002,0.33,0.2565,0.3328,0.2036,None,30
CUST_00257,ORD_000301,560001,0.35,0.1985,0.2229,0.0932,None,195
CUST_00258,ORD_000302,600001,0.42,0.3748,0.1768,0.1198,High RTO pincode,332
CUST_00259,ORD_000303,600001,0.42,0.3588,0.7295,-0.4139,High RTO pincode|Customer complaints detected|Negative social mentions,28
CUST_00260,ORD_000304,380002,0.28,0.2771,0.2246,-0.0367,None,315
CUST_00261,ORD_000305,500001,0.3,0.2704,0.1983,0.5273,None,623
CUST_00262,ORD_000306,700002,0.5,0.1822,0.1966,0.717,High RTO pincode,95
CUST_00263,ORD_000307,600002,0.38,0.295,0.0189,0.6223,High RTO pincode|Festive season peak,218
CUST_00264,ORD_000308,380001,0.25,0.3883,0.1639,0.3668,None,650
CUST_00265,ORD_000309,500001,0.3,0.3547,0.1857,0.7437,None,676
CUST_00266,ORD_000310,110002,0.22,0.3098,0.2296,0.3718,None,143
CUST_00267,ORD_000311,380002,0.28,0.3364,0.1122,0.998,None,260
CUST_00268,ORD_000312,302001,0.32,0.1703,0.0339,0.5448,Festive season peak,372
CUST_00269,ORD_000313,302001,0.32,0.2038,0.3606,0.3921,None,105
CUST_00270,ORD_000314,600001,0.42,0.3482,0.0753,0.9342,High RTO pincode,78
CUST_00271,ORD_000315,400002,0.25,0.3396,0.3602,0.2896,None,179
CUST_00272,ORD_000316,500002,0.33,0.3967,0.1915,0.194,None,301
CUST_00273,ORD_000317,380001,0.25,0.3419,0.7796,-0.4421,Customer complaints detected|Negative social mentions,156
CUST_00274,ORD_000318,560001,0.35,0.241,0.8627,-0.8759,Customer complaints detected|Negative social mentions,8
CUST_00275,ORD_000319,560001,0.35,0.2978,0.1203,0.2198,None,192
CUST_00276,ORD_000320,160002,0.23,0.3419,0.1456,0.0128,Festive season peak,170
CUST_00277,ORD_000321,560002,0.28,0.3113,0.2406,0.2897,None,339
CUST_00278,ORD_000322,302001,0.32,0.2108,0.1531,0.4728,None,63
CUST_00279,ORD_000323,110002,0.22,0.3093,0.6566,-0.1071,Customer complaints detected,148
CUST_00280,ORD_000324,226001,0.4,0.3469,0.1547,0.5001,High RTO pincode,371
CUST_00281,ORD_000325,302001,0.32,0.2535,0.5294,-0.5826,Customer complaints detected|Negative social mentions,119
CUST_00282,ORD_000326,380001,0.25,0.1835,0.1048,0.5689,None,147
CUST_00283,ORD_000327,560001,0.35,0.1512,0.0619,0.838,None,375
CUST_00284,ORD_000328,226002,0.44,0.2325,0.2978,0.1722,High RTO pincode,331
CUST_00285,ORD_000329,700002,0.5,0.186,0.0597,0.9443,High RTO pincode,677
CUST_00286,ORD_000330,500001,0.3,0.3544,0.7373,-0.5546,Customer complaints detected|Negative social mentions,123
CUST_00287,ORD_000331,226001,0.4,0.163,0.9802,-0.4082,High RTO pincode|Customer complaints detected|Negative social mentions,10
CUST_00288,ORD_000332,400002,0.25,0.3998,0.1417,0.9855,None,298
CUST_00289,ORD_000333,500001,0.3,0.3353,0.158,0.5154,None,320
CUST_00290,ORD_000334,500001,0.3,0.2586,0.6583,-0.263,Customer complaints detected,23
CUST_00291,ORD_000335,700001,0.45,0.3063,0.1371,0.8597,High RTO pincode,651
CUST_00291,ORD_000336,700002,0.5,0.2907,0.1371,0.8597,High RTO pincode,651
CUST_00292,ORD_000337,302002,0.35,0.3885,0.0748,0.3262,None,174
CUST_00293,ORD_000338,226001,0.4,0.2187,0.6707,-0.5071,High RTO pincode|Customer complaints detected|Negative social mentions,146
CUST_00294,ORD_000339,700002,0.5,0.3659,0.0045,0.8309,High RTO pincode,379
CUST_00295,ORD_000340,160001,0.2,0.1051,0.8628,-0.6704,Customer complaints detected|Negative social mentions|Festive season peak,4
CUST_00296,ORD_000341,302001,0.32,0.2486,0.4344,-0.3257,Negative social mentions|Festive season peak,27
CUST_00297,ORD_000342,302001,0.32,0.2836,0.4372,-0.0384,None,47
CUST_00298,ORD_000343,560002,0.28,0.3407,0.236,-0.0818,None,196
CUST_00299,ORD_000344,302002,0.35,0.2194,0.1065,0.5806,None,369
CUST_00300,ORD_000345,500001,0.3,0.2764,0.1479,0.7983,None,139
CUST_00301,ORD_000346,110001,0.15,0.23,0.298,-0.0457,None,360
CUST_00302,ORD_000347,160001,0.2,0.1062,0.7674,0.0557,Customer complaints detected,91
CUST_00303,ORD_000348,160001,0.2,0.3568,0.9936,-0.9342,Customer complaints detected|Negative social mentions,14
CUST_00304,ORD_000349,400001,0.18,0.2158,0.168,0.408,None,428
CUST_00304,ORD_000350,160002,0.23,0.2566,0.168,0.408,None,428
CUST_00305,ORD_000351,110002,0.22,0.1982,0.1424,0.4885,None,302
CUST_00305,ORD_000352,700001,0.45,0.1631,0.1424,0.4885,High RTO pincode,302
CUST_00306,ORD_000353,226001,0.4,0.2771,0.1937,-0.0683,High RTO pincode,326
CUST_00307,ORD_000354,700002,0.5,0.1583,0.1781,0.2776,High RTO pincode,318
CUST_00308,ORD_000355,302001,0.32,0.2201,0.0028,0.3781,None,323
CUST_00309,ORD_000356,600002,0.38,0.1054,0.1868,0.4079,High RTO pincode,669
CUST_00310,ORD_000357,380001,0.25,0.1797,0.2429,0.1858,None,234
CUST_00310,ORD_000358,110002,0.22,0.3456,0.2429,0.1858,None,234
CUST_00311,ORD_000359,160001,0.2,0.1907,0.1309,0.5738,Festive season peak,321
CUST_00312,ORD_000360,160002,0.23,0.3391,0.1371,0.5461,None,166
CUST_00313,ORD_000361,400002,0.25,0.233,0.8128,-0.5417,Customer complaints detected|Negative social mentions,3
CUST_00314,ORD_000362,110002,0.22,0.2897,0.0515,0.8465,None,391
CUST_00315,ORD_000363,400002,0.25,0.1897,0.1537,0.4529,None,613
CUST_00316,ORD_000364,302002,0.35,0.3766,0.1455,0.0979,Festive season peak,166
CUST_00317,ORD_000365,400001,0.18,0.158,0.8702,-0.439,Customer complaints detected|Negative social mentions,2
CUST_00318,ORD_000366,302001,0.32,0.222,0.0598,0.5731,Festive season peak,255
CUST_00319,ORD_000367,380001,0.25,0.3481,0.1933,0.3115,None,520
CUST_00320,ORD_000368,600002,0.38,0.1097,0.3206,0.1933,High RTO pincode,48
CUST_00321,ORD_000369,500001,0.3,0.3964,0.1343,0.257,None,84
CUST_00322,ORD_000370,302001,0.32,0.16,0.1362,-0.0153,None,62
CUST_00323,ORD_000371,302002,0.35,0.2036,0.0359,0.3624,None,67
CUST_00324,ORD_000372,600002,0.38,0.3295,0.1901,0.739,High RTO pincode,686
CUST_00325,ORD_000373,302002,0.35,0.1973,0.0106,0.3789,None,343
CUST_00326,ORD_000374,400002,0.25,0.1924,0.3221,0.4549,None,83
CUST_00327,ORD_000375,160001,0.2,0.2292,0.0474,0.5888,None,160
CUST_00328,ORD_000376,302001,0.32,0.3641,0.0404,0.389,None,336
CUST_00329,ORD_000377,160001,0.2,0.223,0.9565,-0.9481,Customer complaints detected|Negative social mentions,9
CUST_00329,ORD_000378,160001,0.2,0.1918,0.9565,-0.9481,Customer complaints detected|Negative social mentions,9
CUST_00330,ORD_000379,110001,0.15,0.1796,0.1619,0.7877,None,550
CUST_00331,ORD_000380,380001,0.25,0.2323,0.1495,0.3171,Festive season peak,644
CUST_00332,ORD_000381,400001,0.18,0.1555,0.5704,-0.4111,Customer complaints detected|Negative social mentions,89
CUST_00332,ORD_000382,160002,0.23,0.2763,0.5704,-0.4111,Customer complaints detected|Negative social mentions,89
CUST_00333,ORD_000383,600002,0.38,0.1063,0.8435,-0.4365,High RTO pincode|Customer complaints detected|Negative social mentions,11
CUST_00334,ORD_000384,400001,0.18,0.3187,0.142,0.7748,None,541
CUST_00335,ORD_000385,226002,0.44,0.2238,0.0993,0.9125,High RTO pincode|Festive season peak,211
CUST_00336,ORD_000386,226001,0.4,0.1898,0.2008,0.2472,High RTO pincode,360
CUST_00337,ORD_000387,226002,0.44,0.2208,0.0297,0.4991,High RTO pincode,108
CUST_00337,ORD_000388,160001,0.2,0.3055,0.0297,0.4991,None,108
CUST_00338,ORD_000389,302001,0.32,0.1647,0.1067,0.385,None,226
CUST_00339,ORD_000390,400002,0.25,0.1025,0.6668,-0.0403,Customer complaints detected,160
CUST_00340,ORD_000391,600001,0.42,0.2745,0.1216,0.4366,High RTO pincode,116
CUST_00341,ORD_000392,500002,0.33,0.2637,0.1817,0.5527,None,117
CUST_00342,ORD_000393,160001,0.2,0.2183,0.0328,0.8096,None,355
CUST_00342,ORD_000394,110001,0.15,0.1675,0.0328,0.8096,None,355
CUST_00343,ORD_000395,302001,0.32,0.2504,0.0084,0.8784,None,562
CUST_00344,ORD_000396,400001,0.18,0.2316,0.372,0.2869,None,281
CUST_00345,ORD_000397,560001,0.35,0.2909,0.1691,0.414,None,77
CUST_00346,ORD_000398,700002,0.5,0.1596,0.0366,0.3662,High RTO pincode|Festive season peak,703
CUST_00347,ORD_000399,600001,0.42,0.3874,0.0681,0.9376,High RTO pincode,481
CUST_00348,ORD_000400,400002,0.25,0.3541,0.2569,0.4821,None,335
CUST_00349,ORD_000401,110002,0.22,0.2368,0.1515,0.3298,None,555
CUST_00350,ORD_000402,160001,0.2,0.2297,0.4739,-0.3539,Negative social mentions|Festive season peak,65
CUST_00351,ORD_000403,400002,0.25,0.2408,0.3147,0.4786,None,141
CUST_00352,ORD_000404,400002,0.25,0.1082,0.0429,0.4593,None,494
CUST_00353,ORD_000405,380002,0.28,0.2302,0.1374,0.8888,Festive season peak,379
CUST_00354,ORD_000406,400002,0.25,0.3963,0.2568,0.3059,None,254
CUST_00355,ORD_000407,160002,0.23,0.1122,0.2781,0.3538,None,327
CUST_00356,ORD_000408,500001,0.3,0.3435,0.1661,0.6487,None,114
CUST_00357,ORD_000409,110002,0.22,0.195,0.101,0.6797,Festive season peak,562
CUST_00358,ORD_000410,400002,0.25,0.3528,0.1769,0.4149,None,370
CUST_00359,ORD_000411,110002,0.22,0.3023,0.1234,0.5469,None,446
CUST_00359,ORD_000412,500002,0.33,0.3492,0.1234,0.5469,None,446
CUST_00360,ORD_000413,380002,0.28,0.1911,0.0039,0.5283,None,233
CUST_00361,ORD_000414,500002,0.33,0.3453,0.0672,0.6519,None,270
CUST_00362,ORD_000415,160001,0.2,0.2055,0.1609,0.7372,Festive season peak,471
CUST_00362,ORD_000416,700002,0.5,0.1827,0.1609,0.7372,High RTO pincode,471
CUST_00363,ORD_000417,302001,0.32,0.1434,0.1725,0.7038,None,588
CUST_00364,ORD_000418,500001,0.3,0.3769,0.1443,-0.0097,None,266
CUST_00365,ORD_000419,380002,0.28,0.1529,0.0055,0.8579,None,256
CUST_00366,ORD_000420,400001,0.18,0.3508,0.3347,-0.0668,None,278
CUST_00366,ORD_000421,226001,0.4,0.3743,0.3347,-0.0668,High RTO pincode,278
CUST_00367,ORD_000422,380002,0.28,0.2071,0.0659,0.709,None,380
CUST_00368,ORD_000423,560001,0.35,0.1905,0.0633,0.5966,Festive season peak,175
CUST_00369,ORD_000424,400002,0.25,0.2011,0.1759,0.1308,None,152
CUST_00370,ORD_000425,110002,0.22,0.2112,0.1832,0.7419,None,224
CUST_00370,ORD_000426,400002,0.25,0.2283,0.1832,0.7419,None,224
CUST_00371,ORD_000427,700002,0.5,0.2666,0.1283,0.7411,High RTO pincode,716
CUST_00372,ORD_000428,500001,0.3,0.3122,0.0903,0.9115,None,387
CUST_00373,ORD_000429,560002,0.28,0.176,0.1224,0.4601,None,722
CUST_00374,ORD_000430,700001,0.45,0.3073,0.1655,0.6459,High RTO pincode,524
CUST_00375,ORD_000431,600002,0.38,0.3471,0.3377,-0.0827,High RTO pincode,239
CUST_00375,ORD_000432,380001,0.25,0.2884,0.3377,-0.0827,None,239
CUST_00376,ORD_000433,380001,0.25,0.206,0.6838,-0.0331,Customer complaints detected,167
CUST_00377,ORD_000434,560001,0.35,0.3752,0.5269,-0.2287,Customer complaints detected,36
CUST_00378,ORD_000435,560001,0.35,0.1149,0.1939,0.4356,None,294
CUST_00379,ORD_000436,226002,0.44,0.2669,0.0873,0.9966,High RTO pincode,538
CUST_00379,ORD_000437,226001,0.4,0.3495,0.0873,0.9966,High RTO pincode,538
CUST_00380,ORD_000438,380001,0.25,0.2337,0.1354,0.9212,None,570
CUST_00381,ORD_000439,500001,0.3,0.2144,0.2783,-0.0965,Festive season peak,167
CUST_00381,ORD_000440,380001,0.25,0.1852,0.2783,-0.0965,None,167
CUST_00382,ORD_000441,160002,0.23,0.176,0.1462,0.0791,None,364
CUST_00383,ORD_000442,500001,0.3,0.2214,0.1622,0.7297,None,492
CUST_00384,ORD_000443,380002,0.28,0.3326,0.0601,0.9889,None,549
CUST_00385,ORD_000444,560002,0.28,0.2568,0.051,0.3572,None,423
CUST_00386,ORD_000445,160002,0.23,0.2659,0.2024,0.4509,None,165
CUST_00387,ORD_000446,380001,0.25,0.1691,0.1452,0.512,None,676
CUST_00388,ORD_000447,302001,0.32,0.1666,0.0484,0.8895,None,725
CUST_00388,ORD_000448,160001,0.2,0.2334,0.0484,0.8895,None,725
CUST_00389,ORD_000449,160001,0.2,0.1519,0.2788,0.2326,None,326
CUST_00390,ORD_000450,600001,0.42,0.2848,0.3817,0.1081,High RTO pincode,348
CUST_00391,ORD_000451,500002,0.33,0.1749,0.3169,0.1342,None,180
CUST_00392,ORD_000452,110002,0.22,0.2891,0.0202,0.5912,None,563
CUST_00392,ORD_000453,400002,0.25,0.1942,0.0202,0.5912,Festive season peak,563
CUST_00393,ORD_000454,400002,0.25,0.1562,0.6417,-0.5271,Customer complaints detected|Negative social mentions,145
CUST_00394,ORD_000455,400002,0.25,0.1638,0.0314,0.5045,None,430
CUST_00395,ORD_000456,500002,0.33,0.363,0.2024,0.203,None,272
CUST_00396,ORD_000457,226001,0.4,0.2972,0.1589,0.5532,High RTO pincode,588
CUST_00397,ORD_000458,700002,0.5,0.2054,0.1173,0.279,High RTO pincode,324
CUST_00398,ORD_000459,160002,0.23,0.3832,0.1841,0.7902,None,685
CUST_00399,ORD_000460,500001,0.3,0.204,0.1041,0.6786,None,189
CUST_00400,ORD_000461,400002,0.25,0.3605,0.1683,0.4818,None,121
CUST_00401,ORD_000462,560001,0.35,0.2257,0.0468,0.5094,None,669
CUST_00402,ORD_000463,500002,0.33,0.1895,0.0164,0.3435,None,481
CUST_00402,ORD_000464,302002,0.35,0.1627,0.0164,0.3435,None,481
CUST_00403,ORD_000465,160002,0.23,0.3054,0.5893,-0.0775,Customer complaints detected,130
CUST_00403,ORD_000466,110001,0.15,0.3384,0.5893,-0.0775,Customer complaints detected,130
CUST_00404,ORD_000467,500001,0.3,0.2106,0.2046,0.4223,None,310
CUST_00405,ORD_000468,500001,0.3,0.3835,0.0179,0.7373,None,393
CUST_00406,ORD_000469,110002,0.22,0.1519,0.0248,0.6915,None,720
CUST_00407,ORD_000470,110001,0.15,0.236,0.0888,0.8648,None,653
CUST_00408,ORD_000471,160002,0.23,0.1798,0.0511,0.3627,None,247
CUST_00409,ORD_000472,400002,0.25,0.2129,0.1504,0.7102,None,305
CUST_00410,ORD_000473,380002,0.28,0.2758,0.67,-0.4276,Customer complaints detected|Negative social mentions,164
CUST_00411,ORD_000474,560002,0.28,0.1826,0.2355,-0.0994,None,314
CUST_00412,ORD_000475,400002,0.25,0.3998,0.1844,-0.0032,None,291
CUST_00413,ORD_000476,600001,0.42,0.2414,0.7919,-0.1046,High RTO pincode|Customer complaints detected,80
CUST_00414,ORD_000477,400001,0.18,0.3724,0.1112,0.7875,None,483
CUST_00415,ORD_000478,700001,0.45,0.3724,0.1374,0.1223,High RTO pincode,34
CUST_00416,ORD_000479,700001,0.45,0.2374,0.9121,-0.8745,High RTO pincode|Customer complaints detected|Negative social mentions,12
CUST_00417,ORD_000480,110001,0.15,0.3825,0.1711,0.9167,None,643
CUST_00418,ORD_000481,600002,0.38,0.313,0.5096,-0.1239,High RTO pincode|Customer complaints detected|Festive season peak,118
CUST_00419,ORD_000482,700002,0.5,0.2645,0.1956,0.5967,High RTO pincode,291
CUST_00420,ORD_000483,400001,0.18,0.3438,0.0477,0.5386,Festive season peak,544
CUST_00421,ORD_000484,400002,0.25,0.1881,0.0124,0.8617,None,190
CUST_00422,ORD_000485,110001,0.15,0.1608,0.0768,0.8566,None,524
CUST_00422,ORD_000486,560001,0.35,0.1742,0.0768,0.8566,Festive season peak,524
CUST_00423,ORD_000487,700002,0.5,0.2355,0.1509,0.5178,High RTO pincode,727
CUST_00423,ORD_000488,110002,0.22,0.1762,0.1509,0.5178,None,727
CUST_00424,ORD_000489,500001,0.3,0.3814,0.1385,0.8964,None,674
CUST_00425,ORD_000490,380001,0.25,0.1965,0.2442,0.361,None,152
CUST_00426,ORD_000491,560002,0.28,0.2869,0.0088,0.3208,None,428
CUST_00427,ORD_000492,560002,0.28,0.2598,0.2015,0.0261,None,86
CUST_00428,ORD_000493,226002,0.44,0.1553,0.1954,0.4712,High RTO pincode,499
CUST_00429,ORD_000494,226001,0.4,0.3196,0.7244,-0.7176,High RTO pincode|Customer complaints detected|Negative social mentions,12
CUST_00430,ORD_000495,600002,0.38,0.3138,0.1842,0.7088,High RTO pincode,713
CUST_00431,ORD_000496,302001,0.32,0.1817,0.0703,0.7088,None,591
CUST_00432,ORD_000497,400002,0.25,0.1756,0.3528,0.2077,None,180
CUST_00433,ORD_000498,700001,0.45,0.2796,0.3117,0.4988,High RTO pincode,127
CUST_00433,ORD_000499,226001,0.4,0.1773,0.3117,0.4988,High RTO pincode,127
CUST_00434,ORD_000500,380002,0.28,0.153,0.0681,0.3601,None,532
CUST_00435,ORD_000501,226002,0.44,0.2285,0.2019,0.1515,High RTO pincode,211
CUST_00436,ORD_000502,380001,0.25,0.1305,0.1148,0.5736,None,682
CUST_00437,ORD_000503,600002,0.38,0.1172,0.2466,0.012,High RTO pincode,338
CUST_00438,ORD_000504,560001,0.35,0.1575,0.1073,0.6348,None,192
CUST_00439,ORD_000505,600002,0.38,0.2249,0.0403,0.9938,High RTO pincode,342
CUST_00440,ORD_000506,160002,0.23,0.2159,0.5564,-0.0236,Customer complaints detected,90
CUST_00441,ORD_000507,302002,0.35,0.1599,0.1075,0.7667,None,703
CUST_00442,ORD_000508,380001,0.25,0.1897,0.1012,0.6235,None,272
CUST_00443,ORD_000509,700001,0.45,0.1601,0.0165,0.7599,High RTO pincode,129
CUST_00444,ORD_000510,302001,0.32,0.2431,0.0881,0.4246,None,217
CUST_00445,ORD_000511,400001,0.18,0.3984,0.1545,0.837,None,109
CUST_00445,ORD_000512,560002,0.28,0.1919,0.1545,0.837,None,109
CUST_00446,ORD_000513,110001,0.15,0.283,0.493,-0.5259,Negative social mentions|Festive season peak,44
CUST_00447,ORD_000514,160001,0.2,0.232,0.5998,0.0933,Customer complaints detected,167
CUST_00448,ORD_000515,110001,0.15,0.1732,0.3285,0.3126,None,355
CUST_00448,ORD_000516,700002,0.5,0.212,0.3285,0.3126,High RTO pincode,355
CUST_00449,ORD_000517,700001,0.45,0.2771,0.1847,0.7187,High RTO pincode,303
CUST_00449,ORD_000518,500001,0.3,0.3309,0.1847,0.7187,None,303
CUST_00450,ORD_000519,600001,0.42,0.1619,0.1965,0.1654,High RTO pincode,296
CUST_00451,ORD_000520,600002,0.38,0.3172,0.69,-0.382,High RTO pincode|Customer complaints detected|Negative social mentions|Festive season peak,123
CUST_00452,ORD_000521,302002,0.35,0.2678,0.8324,-0.6968,Customer complaints detected|Negative social mentions,8
CUST_00453,ORD_000522,302002,0.35,0.1513,0.0612,0.4983,None,534
CUST_00454,ORD_000523,400002,0.25,0.2744,0.5536,-0.3845,Customer complaints detected|Negative social mentions,109
CUST_00454,ORD_000524,500002,0.33,0.389,0.5536,-0.3845,Customer complaints detected|Negative social mentions,109
CUST_00455,ORD_000525,160001,0.2,0.3656,0.1444,0.2633,None,360
CUST_00455,ORD_000526,600001,0.42,0.1533,0.1444,0.2633,High RTO pincode,360
CUST_00456,ORD_000527,600001,0.42,0.2139,0.0219,0.7008,High RTO pincode,151
CUST_00457,ORD_000528,400002,0.25,0.2819,0.0341,0.5623,None,501
CUST_00458,ORD_000529,400002,0.25,0.2544,0.9739,-0.9345,Customer complaints detected|Negative social mentions|Festive season peak,11
CUST_00459,ORD_000530,700001,0.45,0.1929,0.0194,0.6656,High RTO pincode,102
CUST_00460,ORD_000531,380001,0.25,0.2736,0.2832,0.4852,None,223
CUST_00460,ORD_000532,302002,0.35,0.2138,0.2832,0.4852,None,223
CUST_00461,ORD_000533,302002,0.35,0.1882,0.4934,-0.2608,None,127
CUST_00462,ORD_000534,302001,0.32,0.2203,0.0063,0.6485,None,576
CUST_00463,ORD_000535,700001,0.45,0.3499,0.7973,-0.5795,High RTO pincode|Customer complaints detected|Negative social mentions,125
CUST_00463,ORD_000536,500001,0.3,0.2424,0.7973,-0.5795,Customer complaints detected|Negative social mentions,125
CUST_00464,ORD_000537,700002,0.5,0.301,0.3355,0.4797,High RTO pincode,358
CUST_00465,ORD_000538,380002,0.28,0.3696,0.1474,0.5176,None,650
CUST_00466,ORD_000539,560001,0.35,0.3498,0.0632,0.8713,None,531
CUST_00467,ORD_000540,380001,0.25,0.2328,0.912,-0.713,Customer complaints detected|Negative social mentions,14
CUST_00468,ORD_000541,560002,0.28,0.2787,0.357,0.3364,None,121
CUST_00469,ORD_000542,110002,0.22,0.2746,0.1402,0.6836,None,259
CUST_00470,ORD_000543,380001,0.25,0.1962,0.0724,0.8993,None,69
CUST_00471,ORD_000544,380001,0.25,0.3394,0.0868,0.404,None,667
CUST_00472,ORD_000545,400002,0.25,0.3863,0.2146,0.2794,None,362
CUST_00473,ORD_000546,500001,0.3,0.3793,0.2152,0.5,None,122
CUST_00474,ORD_000547,600001,0.42,0.1734,0.1192,0.4023,High RTO pincode,280
CUST_00475,ORD_000548,226001,0.4,0.3317,0.0322,0.6937,High RTO pincode,728
CUST_00475,ORD_000549,700002,0.5,0.1997,0.0322,0.6937,High RTO pincode,728
CUST_00476,ORD_000550,160002,0.23,0.2049,0.0474,0.4317,None,105
CUST_00477,ORD_000551,700001,0.45,0.3345,0.3834,0.3059,High RTO pincode,72
CUST_00477,ORD_000552,380001,0.25,0.2871,0.3834,0.3059,None,72
CUST_00478,ORD_000553,600002,0.38,0.3674,0.1556,0.4024,High RTO pincode,401
CUST_00479,ORD_000554,380001,0.25,0.2191,0.3596,0.2309,None,322
CUST_00480,ORD_000555,500002,0.33,0.1958,0.1426,0.7603,None,585
CUST_00481,ORD_000556,400001,0.18,0.1594,0.061,0.9005,None,294
CUST_00481,ORD_000557,110001,0.15,0.1685,0.061,0.9005,None,294
CUST_00482,ORD_000558,500002,0.33,0.242,0.038,0.882,None,691
CUST_00483,ORD_000559,110002,0.22,0.2756,0.1808,0.4224,None,596
CUST_00484,ORD_000560,700002,0.5,0.1963,0.5932,-0.4147,High RTO pincode|Customer complaints detected|Negative social mentions,90
CUST_00485,ORD_000561,302002,0.35,0.3271,0.1015,0.4341,None,84
CUST_00486,ORD_000562,302001,0.32,0.1967,0.1898,0.157,None,221
CUST_00487,ORD_000563,700001,0.45,0.3325,0.1488,0.9307,High RTO pincode,491
CUST_00488,ORD_000564,110001,0.15,0.3745,0.4526,0.0704,None,113
CUST_00489,ORD_000565,700001,0.45,0.3144,0.1235,0.8105,High RTO pincode,313
CUST_00490,ORD_000566,600001,0.42,0.1591,0.2887,-0.0108,High RTO pincode,332
CUST_00491,ORD_000567,700001,0.45,0.287,0.2438,0.2059,High RTO pincode,248
CUST_00492,ORD_000568,400002,0.25,0.3656,0.0202,0.4294,None,681
CUST_00492,ORD_000569,600002,0.38,0.2387,0.0202,0.4294,High RTO pincode,681
CUST_00493,ORD_000570,302002,0.35,0.1628,0.1409,0.9479,None,257
CUST_00494,ORD_000571,380002,0.28,0.1956,0.3685,0.1691,Festive season peak,207
CUST_00495,ORD_000572,226001,0.4,0.3085,0.8485,-0.6805,High RTO pincode|Customer complaints detected|Negative social mentions,7
CUST_00496,ORD_000573,700001,0.45,0.2568,0.0911,0.7954,High RTO pincode,585
CUST_00497,ORD_000574,500002,0.33,0.1583,0.657,-0.4257,Customer complaints detected|Negative social mentions,27
CUST_00498,ORD_000575,700001,0.45,0.2515,0.1252,0.3073,High RTO pincode,118
CUST_00499,ORD_000576,160001,0.2,0.2848,0.1269,0.6856,Festive season peak,701
CUST_00500,ORD_000577,560002,0.28,0.1688,0.0378,0.6434,None,240
CUST_GOOD_01,ORD_000001,110001,0.15,0.18,0.05,0.8,None,365
CUST_SERIAL_01,ORD_000002,560001,0.35,0.35,0.6,-0.2,High RTO pincode|Customer complaints detected,60
CUST_FRAUD_01,ORD_000003,700002,0.5,0.18,0.9,-0.8,High RTO pincode|Customer complaints detected|Negative social mentions,3
CUST_OCCASIONAL_01,ORD_000004,400001,0.18,0.22,0.25,0.3,None,120
CUST_NEW_COD_01,ORD_000005,110001,0.15,0.15,0.1,0.5,None,5
