customer_id,company_name,customer_type,total_orders,returns,return_rate,avg_order_value,account_age_days,complaint_score,social_sentiment,split
CUST_00001,Customer_CUST_00001,occasional_returner,3,0,0.2483,2435.8,155,0.167,0.3419,train
CUST_00002,Customer_CUST_00002,good,19,0,0.0449,2666.74,344,0.1619,0.3045,train
CUST_00003,Customer_CUST_00003,occasional_returner,26,4,0.1919,1571.06,93,0.3919,0.1271,train
CUST_00004,Customer_CUST_00004,good,22,0,0.0453,4663.53,433,0.0325,0.5487,train
CUST_00005,Customer_CUST_00005,good,25,2,0.0843,1364.19,117,0.0458,0.3225,train
CUST_00006,Customer_CUST_00006,occasional_returner,20,3,0.1525,1369.16,329,0.2285,0.2501,train
CUST_00007,Customer_CUST_00007,good,43,4,0.0996,2090.54,601,0.0503,0.6873,train
CUST_00008,Customer_CUST_00008,good,38,3,0.0918,1290.3,673,0.0648,0.3136,train
CUST_00009,Customer_CUST_00009,occasional_returner,25,3,0.1402,1048.57,189,0.2197,0.303,train
CUST_00010,Customer_CUST_00010,good,9,0,0.0905,4356.35,398,0.0142,0.4666,train
CUST_00011,Customer_CUST_00011,good,8,0,0.0673,1882.8,721,0.0197,0.5818,train
CUST_00012,Customer_CUST_00012,serial_returner,13,6,0.5202,1304.23,152,0.7344,0.0783,train
CUST_00013,Customer_CUST_00013,fraudster,10,8,0.8705,2265.2,1,0.9244,-0.9657,train
CUST_00014,Customer_CUST_00014,good,41,1,0.0246,1517.75,668,0.0079,0.3574,train
CUST_00015,Customer_CUST_00015,serial_returner,39,20,0.529,5493.75,131,0.6485,-0.2059,train
CUST_00016,Customer_CUST_00016,occasional_returner,28,6,0.2308,958.5,34,0.3004,0.2328,train
CUST_00017,Customer_CUST_00017,good,13,0,0.0637,2049.43,328,0.0323,0.6093,train
CUST_00018,Customer_CUST_00018,occasional_returner,30,3,0.108,814.92,213,0.163,0.0497,train
CUST_00019,Customer_CUST_00019,good,26,2,0.0782,2816.02,481,0.1604,0.9048,train
CUST_00020,Customer_CUST_00020,occasional_returner,10,1,0.1446,1686.84,128,0.2195,0.0672,train
CUST_00021,Customer_CUST_00021,good,21,0,0.0038,744.63,670,0.0869,0.81,train
CUST_00022,Customer_CUST_00022,occasional_returner,24,3,0.1394,1371.44,250,0.121,0.2985,train
CUST_00023,Customer_CUST_00023,good,16,0,0.0616,2222.02,368,0.0812,0.8836,train
CUST_00024,Customer_CUST_00024,good,10,0,0.0284,2196.13,708,0.1239,0.3654,train
CUST_00025,Customer_CUST_00025,occasional_returner,10,1,0.1352,2609.74,295,0.2394,0.2344,train
CUST_00026,Customer_CUST_00026,good,9,0,0.0714,1092.77,300,0.0543,0.5238,train
CUST_00027,Customer_CUST_00027,serial_returner,28,24,0.8784,2205.61,19,0.7427,-0.0641,train
CUST_00028,Customer_CUST_00028,good,29,0,0.0336,1356.27,474,0.1448,0.8884,train
CUST_00029,Customer_CUST_00029,fraudster,6,3,0.6199,882.07,2,0.9344,-0.6089,train
CUST_00030,Customer_CUST_00030,good,43,2,0.0607,4079.56,177,0.1556,0.4146,train
CUST_00031,Customer_CUST_00031,occasional_returner,30,7,0.2369,3301.46,91,0.3389,0.2396,train
CUST_00032,Customer_CUST_00032,serial_returner,24,18,0.7829,1227.74,125,0.4705,-0.2348,train
CUST_00033,Customer_CUST_00033,serial_returner,17,13,0.8002,4549.72,159,0.6441,-0.3347,train
CUST_00034,Customer_CUST_00034,serial_returner,12,7,0.5965,4622.94,118,0.5954,-0.0693,train
CUST_00035,Customer_CUST_00035,good,40,1,0.0331,2960.58,524,0.0542,0.476,train
CUST_00036,Customer_CUST_00036,fraudster,14,8,0.6051,1511.1,4,0.8083,-0.8186,train
CUST_00037,Customer_CUST_00037,good,33,1,0.0341,548.65,112,0.0505,0.9032,train
CUST_00038,Customer_CUST_00038,good,43,3,0.0791,2240.08,291,0.1551,0.5663,train
CUST_00039,Customer_CUST_00039,good,23,1,0.0703,1113.1,524,0.0142,0.4634,train
CUST_00040,Customer_CUST_00040,occasional_returner,22,5,0.2498,3131.42,321,0.3764,0.1635,train
CUST_00041,Customer_CUST_00041,good,19,1,0.0962,1315.73,649,0.1174,0.3145,train
CUST_00042,Customer_CUST_00042,fraudster,8,5,0.6805,1916.48,6,0.7963,-0.9372,train
CUST_00043,Customer_CUST_00043,occasional_returner,3,0,0.2315,1186.51,307,0.2386,-0.0675,train
CUST_00044,Customer_CUST_00044,fraudster,10,9,0.9017,1429.01,12,0.7475,-0.6695,train
CUST_00045,Customer_CUST_00045,good,35,3,0.098,2159.59,309,0.0914,0.4012,train
CUST_00046,Customer_CUST_00046,good,24,2,0.0837,1813.6,653,0.1998,0.6427,train
CUST_00047,Customer_CUST_00047,occasional_returner,4,0,0.1636,773.39,272,0.3116,0.3868,train
CUST_00048,Customer_CUST_00048,good,34,0,0.0015,1471.99,207,0.082,0.7583,train
CUST_00049,Customer_CUST_00049,occasional_returner,27,5,0.1976,1641.27,307,0.1108,-0.0589,train
CUST_00050,Customer_CUST_00050,good,25,1,0.0796,5606.67,360,0.0717,0.6015,train
