order_id,customer_id,order_value,category,payment_method,delivery_pincode,pincode_rto_rate,recent_returns_30d,ground_truth,rto_probability,split
ORD_000001,CUST_00001,683.55,beauty,cod,302002,0.35,0,legit,0.2,train
ORD_000002,CUST_00002,1632.95,electronics,card,226002,0.44,0,legit,0.15,train
ORD_000003,CUST_00003,4781.02,beauty,upi,380002,0.28,4,legit,0.7,train
ORD_000004,CUST_00004,3278.93,beauty,cod,110001,0.15,0,legit,0.2,train
ORD_000005,CUST_00005,2014.44,home,wallet,400002,0.25,0,legit,0.05,train
ORD_000006,CUST_00006,1881.29,electronics,wallet,380002,0.28,0,legit,0.05,train
ORD_000007,CUST_00007,1891.17,fashion,cod,560001,0.35,0,legit,0.2,train
ORD_000008,CUST_00008,1395.89,beauty,upi,700001,0.45,0,legit,0.15,train
ORD_000009,CUST_00009,1289.57,fashion,cod,500002,0.33,0,legit,0.2,train
ORD_000010,CUST_00010,1053.73,fashion,cod,600001,0.42,0,rto,0.95,train
ORD_000011,CUST_00011,1785.34,fashion,cod,700002,0.5,0,legit,0.5,train
ORD_000012,CUST_00012,2012.44,electronics,card,560001,0.35,0,legit,0.25,train
ORD_000013,CUST_00013,5058.02,home,cod,560002,0.28,0,legit,0.2,train
ORD_000014,CUST_00014,500.0,home,upi,110002,0.22,0,legit,0.05,train
ORD_000015,CUST_00015,948.5,fashion,card,400001,0.18,0,rto,0.05,train
ORD_000016,CUST_00016,812.52,fashion,cod,110002,0.22,0,legit,0.4,train
ORD_000017,CUST_00017,6850.43,beauty,cod,302001,0.32,0,legit,0.2,train
ORD_000018,CUST_00017,7576.67,fashion,upi,110002,0.22,0,legit,0.05,train
ORD_000019,CUST_00018,1986.82,fashion,cod,302001,0.32,0,legit,0.2,train
ORD_000020,CUST_00019,1528.59,fashion,cod,600001,0.42,0,rto,0.3,train
ORD_000021,CUST_00020,1075.59,electronics,upi,600002,0.38,0,legit,0.15,train
ORD_000022,CUST_00021,1398.79,home,cod,380002,0.28,2,legit,0.85,train
ORD_000023,CUST_00022,3164.84,fashion,cod,302002,0.35,1,rto,0.85,train
ORD_000024,CUST_00023,2061.56,electronics,cod,160001,0.2,0,legit,0.2,train
ORD_000025,CUST_00024,1137.0,fashion,cod,700001,0.45,2,legit,0.5,train
ORD_000026,CUST_00025,2351.95,electronics,cod,560002,0.28,0,legit,0.4,train
ORD_000027,CUST_00026,1510.73,home,cod,380002,0.28,1,rto,0.4,train
ORD_000028,CUST_00027,2977.82,home,card,400001,0.18,0,legit,0.05,train
ORD_000029,CUST_00027,2690.82,fashion,cod,560001,0.35,1,rto,0.2,train
ORD_000030,CUST_00028,2746.55,fashion,card,226001,0.4,5,rto,0.8,train
ORD_000031,CUST_00029,500.0,home,cod,500002,0.33,0,legit,0.2,train
ORD_000032,CUST_00030,1771.31,fashion,cod,110002,0.22,0,legit,0.4,train
ORD_000033,CUST_00031,2774.7,fashion,card,560001,0.35,0,legit,0.9,train
ORD_000034,CUST_00032,5330.38,beauty,cod,400002,0.25,0,legit,0.2,train
ORD_000035,CUST_00033,1448.81,beauty,cod,110001,0.15,0,legit,0.2,train
ORD_000036,CUST_00034,2271.49,home,cod,500002,0.33,0,legit,0.2,train
ORD_000037,CUST_00035,3627.32,home,cod,160001,0.2,0,rto,0.2,train
ORD_000038,CUST_00035,3666.79,electronics,cod,110001,0.15,0,legit,0.2,train
ORD_000039,CUST_00036,1429.03,fashion,cod,302001,0.32,0,rto,0.2,train
ORD_000040,CUST_00037,1301.97,home,cod,400001,0.18,0,legit,0.4,train
ORD_000041,CUST_00038,1006.33,fashion,card,560001,0.35,0,legit,0.05,train
ORD_000042,CUST_00039,1895.67,electronics,card,700002,0.5,0,legit,0.15,train
ORD_000043,CUST_00040,2029.07,fashion,cod,600001,0.42,0,legit,0.3,train
ORD_000044,CUST_00041,1035.52,fashion,upi,400002,0.25,0,rto,0.25,train
ORD_000045,CUST_00042,1516.25,home,cod,110002,0.22,0,rto,0.2,train
ORD_000046,CUST_00043,1386.0,home,card,160001,0.2,2,rto,0.7,train
ORD_000047,CUST_00044,3863.29,home,cod,400002,0.25,0,legit,0.4,train
ORD_000048,CUST_00045,2831.11,beauty,cod,400002,0.25,0,legit,0.2,train
ORD_000049,CUST_00046,6658.14,electronics,wallet,380002,0.28,0,legit,0.05,train
ORD_000050,CUST_00047,500.0,fashion,upi,400002,0.25,0,rto,0.25,train
ORD_000051,CUST_00048,1252.55,beauty,cod,160002,0.23,1,legit,0.4,train
ORD_000052,CUST_00049,1984.01,fashion,upi,500001,0.3,0,legit,0.05,train
ORD_000053,CUST_00050,1612.35,electronics,cod,110002,0.22,0,legit,0.2,train
